{
    "robot0:palm": [],
    "robot0:ffproximal_child": [],
    "robot0:ffmiddle_child": [],
    "robot0:ffdistal_child": [[-0.00094795529730618, -0.006982842925935984, 0.01811189576983452], [0.002626439556479454, -0.006539319641888142, 4.996722418582067e-05], [-0.0034360431600362062, -0.00615164078772068, 0.008426538668572903], [0.002973517868667841, -0.006382592022418976, 0.011918909847736359], [0.0026527668815106153, -0.006527431774884462, 0.02366715297102928], [-0.0034155123867094517, -0.006162168458104134, 0.0019269119948148727], [-0.0033331606537103653, -0.006204396951943636, 0.023483257740736008], [0.0025241682305932045, -0.0065797604620456696, 0.005907486192882061], [-0.00349381472915411, -0.006122016813606024, 0.0137711763381958], [0.0031557006295770407, -0.006300325505435467, 0.01670246012508869]],
    "robot0:mfproximal_child": [],
    "robot0:mfmiddle_child": [],
    "robot0:mfdistal_child": [[0.0002320836065337062, -0.007037499453872442, 0.023355133831501007], [0.0036455930676311255, -0.006024540401995182, 6.64829567540437e-05], [-0.0032930555753409863, -0.006224961951375008, 0.010883713141083717], [0.004127402324229479, -0.005703427363187075, 0.015460449270904064], [-0.003456553677096963, -0.006141123361885548, 0.002992440015077591], [0.003985205665230751, -0.005805530119687319, 0.00806250236928463], [-0.0035007710102945566, -0.0061184498481452465, 0.017718486487865448], [0.004287987481802702, -0.00558812078088522, 0.02120518684387207], [0.0011520618572831154, -0.006951729767024517, 0.004545787815004587], [0.0013482635840773582, -0.006914287339895964, 0.011958128772675991]],
    "robot0:rfproximal_child": [],
    "robot0:rfmiddle_child": [],
    "robot0:rfdistal_child": [[0.004119039047509432, -0.005709432996809483, 0.022854819893836975], [-0.004941829480230808, -0.005017726682126522, 2.3880027583800256e-05], [0.005020809359848499, -0.0049394648522138596, 0.009076559916138649], [-0.0051115998066961765, -0.0048520066775381565, 0.014685478061437607], [0.004567775409668684, -0.00535866804420948, 2.354436037421692e-05], [-0.004747811239212751, -0.005207117181271315, 0.023783991113305092], [-0.0021952472161501646, -0.006697545759379864, 0.006976036354899406], [0.0026042358949780464, -0.006549346260726452, 0.015848159790039062], [-0.0018935244297608733, -0.0067823501303792, 0.019202016294002533], [-0.00021895798272453249, -0.007044903934001923, 0.0015841316198930144]],
    "robot0:lfmetacarpal_child": [],
    "robot0:lfproximal_child": [],
    "robot0:lfmiddle_child": [],
    "robot0:lfdistal_child": [[0.0014511797344312072, -0.006890428718179464, 0.004574548453092575], [-0.0024943388998508453, -0.006586590316146612, 0.023863397538661957], [0.0029716803692281246, -0.006382519379258156, 0.014716518111526966], [-0.002874345052987337, -0.006437260191887617, 0.010602368041872978], [-0.0028133057057857513, -0.006461246870458126, 0.00012360091204755008], [0.00285350508056581, -0.006435882765799761, 0.020840927958488464], [-0.002667121822014451, -0.006518691778182983, 0.017100241035223007], [0.0029705220367759466, -0.006383041851222515, 0.009500452317297459], [0.002596389502286911, -0.006551986560225487, 0.00017241919704247266], [-0.002902866108343005, -0.006426053121685982, 0.0050438339821994305]],
    "robot0:thbase_child": [],
    "robot0:thproximal_child": [],
    "robot0:thhub_child": [],
    "robot0:thmiddle_child": [],
    "robot0:thdistal_child": [[-0.009049667976796627, -0.0015224255621433258, 0.010068878531455994], [-0.007290415465831757, 0.0055794622749090195, 0.025876272469758987], [-0.006898367777466774, 0.006046852562576532, 0.0001642275310587138], [-0.008196861483156681, -0.004124597180634737, 0.020504729822278023], [-0.00834933202713728, -0.003804616630077362, 0.0004036840400658548], [-0.006915041711181402, 0.006026973947882652, 0.015981154516339302], [-0.006916218437254429, 0.006025570910423994, 0.008314281702041626], [-0.00903264433145523, 0.0016063237562775612, 0.0043715727515518665], [-0.009136280044913292, -0.0008151965448632836, 0.025769036263227463], [-0.00896830391138792, 0.001923430827446282, 0.020119355991482735]]
}