{
    "robot0:palm": [],
    "robot0:ffproximal_child": [[-0.0002376327756792307, -0.009996689856052399, 0.038666076958179474], [-0.0035445429384708405, -0.009337972849607468, 4.728326530312188e-05], [0.0042730518616735935, -0.0090293288230896, 0.018686404451727867], [-0.003900623880326748, -0.009198302403092384, 0.027359312400221825], [-0.0034948040265589952, -0.009357482194900513, 0.011004473082721233], [0.004485304467380047, -0.008933592587709427, 0.005608899053186178], [0.00421907939016819, -0.009053671732544899, 0.030992764979600906], [-0.003979427739977837, -0.009167392738163471, 0.01910199038684368], [-0.0037133553996682167, -0.009271756745874882, 0.04499374330043793], [0.0034797703847289085, -0.009367110207676888, 0.044556595385074615]],
    "robot0:ffmiddle_child": [[-0.0019831678364425898, -0.007794334553182125, 0.009099956601858139], [0.0017110002227127552, -0.007856125012040138, 0.024990297853946686], [0.003553177695721388, -0.007216729689389467, 0.0004225552547723055], [0.003431637305766344, -0.007271687965840101, 0.01607479713857174], [-0.0025954796001315117, -0.007619044743478298, 0.0195100586861372], [-0.0028260457329452038, -0.007528608664870262, 0.0024113801773637533], [0.003367392346262932, -0.007300738710910082, 0.0064179981127381325], [-0.0014348605182021856, -0.007911290973424911, 0.014330973848700523], [0.0024239378981292248, -0.0076669249683618546, 0.011192334815859795], [-0.003152574645355344, -0.007400532253086567, 0.02429058402776718]],
    "robot0:ffdistal_child": [[-0.00094795529730618, -0.006982842925935984, 0.01811189576983452], [0.002626439556479454, -0.006539319641888142, 4.996722418582067e-05], [-0.0034360431600362062, -0.00615164078772068, 0.008426538668572903], [0.002973517868667841, -0.006382592022418976, 0.011918909847736359], [0.0026527668815106153, -0.006527431774884462, 0.02366715297102928], [-0.0034155123867094517, -0.006162168458104134, 0.0019269119948148727], [-0.0033331606537103653, -0.006204396951943636, 0.023483257740736008], [0.0025241682305932045, -0.0065797604620456696, 0.005907486192882061], [-0.00349381472915411, -0.006122016813606024, 0.0137711763381958], [0.0031557006295770407, -0.006300325505435467, 0.01670246012508869]],
    "robot0:mfproximal_child": [[-0.0020669603254646063, -0.009777018800377846, 0.006492570973932743], [0.00465710973367095, -0.00884400587528944, 0.04495971277356148], [-0.004878615960478783, -0.008722265250980854, 0.027143988758325577], [0.005264972802251577, -0.008492529392242432, 0.017509466037154198], [0.005084634758532047, -0.008596803992986679, 0.032350800931453705], [-0.004348081536591053, -0.008994411677122116, 0.0383140966296196], [-0.004989673383533955, -0.0086652971804142, 0.01689181476831436], [0.005276953335851431, -0.008485602214932442, 0.0004979652003385127], [0.0050704991444945335, -0.008604977279901505, 0.009669311344623566], [0.0027988858055323362, -0.00959551241248846, 0.024868451058864594]],
    "robot0:mfmiddle_child": [[-0.00042295613093301654, -0.008031148463487625, 0.011103776283562183], [0.003634985536336899, -0.007179737091064453, 0.02486497163772583], [0.0035494803451001644, -0.007218401413410902, 0.00027021521236747503], [-0.003957465291023254, -0.007006912492215633, 0.019527770578861237], [-0.003908041398972273, -0.007031631655991077, 0.003815919626504183], [0.0035529686138033867, -0.007216824218630791, 0.017309214919805527], [0.003624177537858486, -0.007184624206274748, 0.006498508155345917], [-0.0026851133443415165, -0.007583887316286564, 0.024684462696313858], [-0.003890471300110221, -0.007041062694042921, 0.014749204739928246], [0.00044322473695501685, -0.008030962198972702, 0.02091158926486969]],
    "robot0:mfdistal_child": [[0.0002320836065337062, -0.007037499453872442, 0.023355133831501007], [0.0036455930676311255, -0.006024540401995182, 6.64829567540437e-05], [-0.0032930555753409863, -0.006224961951375008, 0.010883713141083717], [0.004127402324229479, -0.005703427363187075, 0.015460449270904064], [-0.003456553677096963, -0.006141123361885548, 0.002992440015077591], [0.003985205665230751, -0.005805530119687319, 0.00806250236928463], [-0.0035007710102945566, -0.0061184498481452465, 0.017718486487865448], [0.004287987481802702, -0.00558812078088522, 0.02120518684387207], [0.0011520618572831154, -0.006951729767024517, 0.004545787815004587], [0.0013482635840773582, -0.006914287339895964, 0.011958128772675991]],
    "robot0:rfproximal_child": [[-0.002791694598272443, -0.009589731693267822, 0.015829697251319885], [0.003399983746930957, -0.009393873624503613, 0.04477155953645706], [0.003595913527533412, -0.009328149259090424, 0.0003250864101573825], [-0.0048502604477107525, -0.008736810646951199, 0.031506575644016266], [0.004417791962623596, -0.008964043110609055, 0.024784449487924576], [-0.004430862609297037, -0.008951948024332523, 0.006260100286453962], [0.004398377146571875, -0.008972801268100739, 0.03525833785533905], [0.00454053096473217, -0.008908682502806187, 0.009322012774646282], [-0.00461477879434824, -0.008857605047523975, 0.04111073166131973], [-0.00443872157484293, -0.008947916328907013, 0.023684965446591377]],
    "robot0:rfmiddle_child": [[-0.0024211457930505276, -0.007671383209526539, 0.003983666189014912], [0.002596878679469228, -0.007608974818140268, 0.024917811155319214], [-0.003061287570744753, -0.007436338346451521, 0.015137670561671257], [0.0027961833402514458, -0.007542191073298454, 0.009979978203773499], [0.0029241566080600023, -0.007499308791011572, 0.01832345686852932], [0.0027976972050964832, -0.007541683502495289, 6.793846841901541e-05], [-0.0028554939199239016, -0.007517057936638594, 0.021669354289770126], [-0.00278903404250741, -0.007543126121163368, 0.009370749816298485], [0.002888968912884593, -0.007511099800467491, 0.005062070209532976], [0.0010934327729046345, -0.007965755648911, 0.013925164006650448]],
    "robot0:rfdistal_child": [[0.004119039047509432, -0.005709432996809483, 0.022854819893836975], [-0.004941829480230808, -0.005017726682126522, 2.3880027583800256e-05], [0.005020809359848499, -0.0049394648522138596, 0.009076559916138649], [-0.0051115998066961765, -0.0048520066775381565, 0.014685478061437607], [0.004567775409668684, -0.00535866804420948, 2.354436037421692e-05], [-0.004747811239212751, -0.005207117181271315, 0.023783991113305092], [-0.0021952472161501646, -0.006697545759379864, 0.006976036354899406], [0.0026042358949780464, -0.006549346260726452, 0.015848159790039062], [-0.0018935244297608733, -0.0067823501303792, 0.019202016294002533], [-0.00021895798272453249, -0.007044903934001923, 0.0015841316198930144]],
    "robot0:lfmetacarpal_child": [],
    "robot0:lfproximal_child": [[-0.001103847287595272, -0.009932574816048145, 0.023190606385469437], [0.004271919839084148, -0.009029388427734375, 0.00020035798661410809], [0.0033563950564712286, -0.009408160112798214, 0.04472788795828819], [-0.00359934801235795, -0.009316868148744106, 0.010634070262312889], [-0.0028604455292224884, -0.009570563212037086, 0.0347319096326828], [0.004299539607018232, -0.009016930125653744, 0.01569746620953083], [-0.0040543111972510815, -0.009138413704931736, 0.0022569862194359303], [0.004445703700184822, -0.008951003663241863, 0.03112208843231201], [0.003617372363805771, -0.009320616722106934, 0.007815317250788212], [-0.003905154298990965, -0.009196918457746506, 0.04234839603304863]],