{
    "base_link": [], 
    "link_0.0": [], 
    "link_1.0": [[0.0098, -0.004583333333333333, 0.0108], [0.0098, -0.004583333333333333, 0.0216], [0.0098, -0.004583333333333333, 0.0324], [0.0098, -0.004583333333333333, 0.0432], [0.0098, 0.004583333333333333, 0.0108], [0.0098, 0.004583333333333333, 0.0216], [0.0098, 0.004583333333333333, 0.0324], [0.0098, 0.004583333333333333, 0.0432]], 
    "link_2.0": [[0.0098, -0.004583333333333333, 0.0096], [0.0098, -0.004583333333333333, 0.0192], [0.0098, -0.004583333333333333, 0.0288], [0.0098, 0.004583333333333333, 0.0096], [0.0098, 0.004583333333333333, 0.0192], [0.0098, 0.004583333333333333, 0.0288]], 
    "link_3.0": [[0.0098, 0, 0.01335], [0.0098, -0.004583333333333333, 0.0089], [0.0098, -0.004583333333333333, 0.0178], [0.0098, 0.004583333333333333, 0.0089], [0.0098, 0.004583333333333333, 0.0178]], 
    "link_3.0_tip": [[0.012, 0, 0]], 
    "link_4.0": [], 
    "link_5.0": [[0.0098, -0.004583333333333333, 0.0108], [0.0098, -0.004583333333333333, 0.0216], [0.0098, -0.004583333333333333, 0.0324], [0.0098, -0.004583333333333333, 0.0432], [0.0098, 0.004583333333333333, 0.0108], [0.0098, 0.004583333333333333, 0.0216], [0.0098, 0.004583333333333333, 0.0324], [0.0098, 0.004583333333333333, 0.0432]], 
    "link_6.0": [[0.0098, -0.004583333333333333, 0.0096], [0.0098, -0.004583333333333333, 0.0192], [0.0098, -0.004583333333333333, 0.0288], [0.0098, 0.004583333333333333, 0.0096], [0.0098, 0.004583333333333333, 0.0192], [0.0098, 0.004583333333333333, 0.0288]], 
    "link_7.0": [[0.0098, 0.0, 0.01335], [0.0098, -0.004583333333333333, 0.0089], [0.0098, -0.004583333333333333, 0.0178], [0.0098, 0.004583333333333333, 0.0089], [0.0098, 0.004583333333333333, 0.0178]], 
    "link_7.0_tip": [[0.012, 0, 0]], 
    "link_8.0": [], 
    "link_9.0": [[0.0098, -0.004583333333333333, 0.0108], [0.0098, -0.004583333333333333, 0.0216], [0.0098, -0.004583333333333333, 0.0324], [0.0098, -0.004583333333333333, 0.0432], [0.0098, 0.004583333333333333, 0.0108], [0.0098, 0.004583333333333333, 0.0216], [0.0098, 0.004583333333333333, 0.0324], [0.0098, 0.004583333333333333, 0.0432]], 
    "link_10.0": [[0.0098, -0.004583333333333333, 0.0096], [0.0098, -0.004583333333333333, 0.0192], [0.0098, -0.004583333333333333, 0.0288], [0.0098, 0.004583333333333333, 0.0096], [0.0098, 0.004583333333333333, 0.0192], [0.0098, 0.004583333333333333, 0.0288]], 
    "link_11.0": [[0.0098, 0.0, 0.01335], [0.0098, -0.004583333333333333, 0.0089], [0.0098, -0.004583333333333333, 0.0178], [0.0098, 0.004583333333333333, 0.0089], [0.0098, 0.004583333333333333, 0.0178]], 
    "link_11.0_tip": [[0.012, 0, 0]], 
    "link_12.0": [], 
    "link_13.0": [], 
    "link_14.0": [[0.0098, -0.004583333333333333, 0.010280000000000001], [0.0098, -0.004583333333333333, 0.020560000000000002], [0.0098, -0.004583333333333333, 0.030840000000000003], [0.0098, -0.004583333333333333, 0.041120000000000004], [0.0098, 0.004583333333333333, 0.010280000000000001], [0.0098, 0.004583333333333333, 0.020560000000000002], [0.0098, 0.004583333333333333, 0.030840000000000003], [0.0098, 0.004583333333333333, 0.041120000000000004]], 
    "link_15.0": [[0.0098, -0.004583333333333333, 0.010575], [0.0098, -0.004583333333333333, 0.02115], [0.0098, -0.004583333333333333, 0.031724999999999996], [0.0098, 0.004583333333333333, 0.010575], [0.0098, 0.004583333333333333, 0.02115], [0.0098, 0.004583333333333333, 0.031724999999999996]], 
    "link_15.0_tip": [[0.012, 0, 0]]
}