{
    "base_link": [], 
    "link_0.0": [], 
    "link_1.0": [], 
    "link_2.0": [], 
    "link_3.0": [[0.0098, 0, 0.01335], [0.0098, -0.004583333333333333, 0.0089], [0.0098, -0.004583333333333333, 0.0178], [0.0098, 0.004583333333333333, 0.0089], [0.0098, 0.004583333333333333, 0.0178]], 
    "link_3.0_tip": [[0.012, 0, 0]], 
    "link_4.0": [], 
    "link_5.0": [], 
    "link_6.0": [], 
    "link_7.0": [[0.0098, 0.0, 0.01335], [0.0098, -0.004583333333333333, 0.0089], [0.0098, -0.004583333333333333, 0.0178], [0.0098, 0.004583333333333333, 0.0089], [0.0098, 0.004583333333333333, 0.0178]], 
    "link_7.0_tip": [[0.012, 0, 0]], 
    "link_8.0": [], 
    "link_9.0": [], 
    "link_10.0": [], 
    "link_11.0": [], 
    "link_11.0_tip": [], 
    "link_12.0": [], 
    "link_13.0": [], 
    "link_14.0": [], 
    "link_15.0": [[0.0098, -0.004583333333333333, 0.010575], [0.0098, -0.004583333333333333, 0.02115], [0.0098, -0.004583333333333333, 0.031724999999999996], [0.0098, 0.004583333333333333, 0.010575], [0.0098, 0.004583333333333333, 0.02115], [0.0098, 0.004583333333333333, 0.031724999999999996]], 
    "link_15.0_tip": [[0.012, 0, 0]]
}